{
  "last_check_time": "2026-02-08T00:25:26.533986",
  "signals": [],
  "price_history": {
    "BTCUSDT": [
      69400.0,
      69374.37,
      69415.9,
      69399.34,
      69159.07,
      68950.84,
      69075.56,
      68940.86,
      68954.51,
      68948.5
    ],
    "ETHUSDT": [
      2090.98,
      2089.67,
      2089.85,
      2088.58,
      2086.19,
      2079.7,
      2083.92,
      2078.05,
      2078.55,
      2078.77
    ],
    "SOLUSDT": [
      88.51,
      88.26,
      88.31,
      88.27,
      87.79,
      87.41,
      87.5,
      87.25,
      87.34,
      87.32
    ]
  },
  "correlation_history": {
    "BTC-ETH": [
      0.800264265462739
    ],
    "BTC-SOL": [
      0.7922902450045123
    ],
    "ETH-SOL": [
      0.6212180054856529
    ]
  }
}