{
  "last_run": "2026-02-08T00:24:50.868305",
  "elo_ratings": {
    "Boston Celtics": 1491.4116880386264,
    "Cleveland Cavaliers": 1517.7683291876592,
    "Atlanta Hawks": 1499.679686760334,
    "Phoenix Suns": 1480.28774368332,
    "Dallas Mavericks": 1500.0,
    "Milwaukee Bucks": 1491.1326302204052,
    "New York Knicks": 1509.1876830192607,
    "Los Angeles Lakers": 1500.860857044046,
    "Golden State Warriors": 1520.0,
    "Minnesota Timberwolves": 1480.5750112778453,
    "Philadelphia 76ers": 1490.0165493397121,
    "Miami Heat": 1509.1225936162418,
    "Denver Nuggets": 1480.3353798014152,
    "LA Clippers": 1519.4249887221547,
    "Brooklyn Nets": 1511.3212797330802,
    "Sacramento Kings": 1498.8755795558989
  },
  "games_processed": [
    1000,
    1001,
    1002,
    1003,
    1004,
    1005,
    1006,
    1007,
    1008,
    1009,
    1010,
    1011,
    1012,
    1013,
    1014,
    1015,
    1016,
    1017,
    1018,
    1019
  ],
  "signals_today": 0
}